model,alpha,beta,R2,p_value
GPT-4o-mini (Phil),-0.01495593184818753,0.05901731972832639,0.04769442663059041,0.2642208023168533
GPT-4o (Phil),-0.01815582987787187,0.07749326430286699,0.04469237329595071,0.2801795795093083
Claude Haiku (Phil),-0.010842821179899103,0.030578063692047897,0.03472027266191705,0.34242603402424543
Gemini Flash (Phil),-0.0216606307281934,0.05016275189747477,0.042038538074478694,0.29526587698944357
Gemini Flash (Med),-0.018405159563053893,0.028714553909958626,0.01947975168412364,0.4787330644660621
DeepSeek V3.1 (Med),0.0038837644871694684,-0.00838458157153372,0.003493557936285245,0.7651208531407541
Llama 4 Maverick (Med),-0.013800589468227036,0.040808419077057755,0.020189809521159802,0.4707454403964577
Llama 4 Scout (Med),-0.010582112675474287,-0.004553543509357976,0.02297023890077177,0.4413732713525479
