model,mean_var_ratio,mean_var_ratio_total,n_entangled,pct_entangled
GPT-4o-mini (Phil),0.96766055,0.9676605321039901,20,66.66666666666666
GPT-4o (Phil),0.94985735,0.9498573321162299,19,63.33333333333333
Claude Haiku (Phil),1.0116702,1.0116702291353312,11,36.666666666666664
Gemini Flash (Phil),1.1195694,1.1195693910869182,14,46.666666666666664
Gemini Flash (Med),1.2865554,1.2865552957666837,14,46.666666666666664
DeepSeek V3.1 (Med),1.0711534,1.071153401124228,14,46.666666666666664
Llama 4 Maverick (Med),1.2132975,1.2132976202417372,11,36.666666666666664
Llama 4 Scout (Med),1.6100128,1.610012845618709,6,20.0
