model,r,p_uncorrected,n,p_corrected,significant
GPT-4o-mini (Phil),0.1903529685631716,0.3136680996369492,30,0.3880523123479954,False
GPT-4o (Phil),0.46973425481396375,0.008817907547887539,30,0.023514420127700105,True
Claude Haiku (Phil),-0.24219821768194272,0.19722227117618335,30,0.31555563388189334,False
Gemini Flash (Phil),0.18060443996461623,0.339545773304496,30,0.3880523123479954,False
Gemini Flash (Med),0.3126947183689096,0.09248891972070503,30,0.18497783944141005,False
DeepSeek V3.1 (Med),0.4990296667171416,0.004997211304537696,30,0.019988845218150784,True
Llama 4 Maverick (Med),0.10919547662994922,0.565699441556178,30,0.565699441556178,False
Llama 4 Scout (Med),-0.5564975021664786,0.0014049625906403396,30,0.011239700725122717,True
