Test,r,p,N
Pooled,-0.04789408957148857,0.46019714848965343,240
Philosophy,0.17921190238282814,0.05017067359925212,120
Medical,-0.1042438777725553,0.2571840023615038,120
