{
  "medical_patterns": {
    "GPT-4o-mini": {
      "mean": 0.025686861774175895,
      "std": 0.18986784896123912,
      "t_stat": 0.9470167456099345,
      "p_val": 0.3482773201926632,
      "pattern": "NEUTRAL",
      "n": 50
    },
    "GPT-4o": {
      "mean": 0.2992762414726895,
      "std": 0.009692417850621407,
      "t_stat": 216.14149560984046,
      "p_val": 1.125447624100526e-74,
      "pattern": "CONVERGENT",
      "n": 50
    },
    "Claude Haiku": {
      "mean": 0.34004836927851045,
      "std": 0.009784360791167896,
      "t_stat": 243.27992760633344,
      "p_val": 3.4402490306701354e-77,
      "pattern": "CONVERGENT",
      "n": 50
    },
    "Claude Opus": {
      "mean": 0.3467226343012105,
      "std": 0.010466076393866115,
      "t_stat": 206.88575887707952,
      "p_val": 6.432292497947187e-61,
      "pattern": "CONVERGENT",
      "n": 40
    }
  },
  "philosophy_medical_comparison": {
    "Claude Haiku": {
      "philosophy_mean": -0.010601839721202851,
      "medical_mean": 0.34004836927851045,
      "cohens_d": 3.685742201445773,
      "difference": 0.35065020899971333
    },
    "Claude Opus": {
      "philosophy_mean": -0.035704858452081684,
      "medical_mean": 0.3467226343012105,
      "cohens_d": 4.248184837674421,
      "difference": 0.38242749275329213
    }
  }
}