position,z_score,context_exchanges,log_p_minus_1
10,-0.59,9,2.1972245773362196
30,2.01,29,3.367295829986474
